{
  "correlations": {
    "allowed_check": {
      "features": [
        [
          886,
          0.1171
        ],
        [
          429,
          0.0764
        ],
        [
          1284,
          0.0729
        ],
        [
          171,
          0.0632
        ],
        [
          310,
          0.0622
        ]
      ],
      "top_corr": 0.11709129125226923,
      "n": 45
    },
    "allowed_pin": {
      "features": [
        [
          570,
          0.1086
        ],
        [
          175,
          0.0919
        ],
        [
          1732,
          0.073
        ],
        [
          507,
          0.0691
        ],
        [
          858,
          0.0664
        ]
      ],
      "top_corr": 0.10860450621999636,
      "n": 151
    },
    "conversion_failure": {
      "features": [
        [
          1631,
          0.09
        ],
        [
          1923,
          0.0818
        ],
        [
          990,
          -0.0742
        ],
        [
          921,
          0.073
        ],
        [
          1890,
          0.0729
        ]
      ],
      "top_corr": 0.08997954227944466,
      "n": 448
    },
    "ignored_threat": {
      "features": [
        [
          1281,
          0.1129
        ],
        [
          1840,
          0.0849
        ],
        [
          757,
          0.0737
        ],
        [
          1171,
          0.0695
        ],
        [
          1676,
          0.0666
        ]
      ],
      "top_corr": 0.11288409133898301,
      "n": 24
    },
    "left_piece_hanging": {
      "features": [
        [
          886,
          0.0841
        ],
        [
          1508,
          0.0651
        ],
        [
          1029,
          0.0588
        ],
        [
          1780,
          0.0583
        ],
        [
          1212,
          0.0582
        ]
      ],
      "top_corr": 0.08406602290608935,
      "n": 86
    },
    "missed_capture": {
      "features": [
        [
          1438,
          0.0827
        ],
        [
          1465,
          0.0647
        ],
        [
          1007,
          0.0615
        ],
        [
          1104,
          0.0611
        ],
        [
          147,
          0.061
        ]
      ],
      "top_corr": 0.08273529450808847,
      "n": 144
    },
    "missed_check": {
      "features": [
        [
          1438,
          0.1357
        ],
        [
          20,
          0.0923
        ],
        [
          1853,
          0.0803
        ],
        [
          1539,
          0.0704
        ],
        [
          885,
          0.0682
        ]
      ],
      "top_corr": 0.13572162891217324,
      "n": 54
    },
    "missed_deflection": {
      "features": [
        [
          281,
          0.0994
        ],
        [
          1124,
          0.0874
        ],
        [
          1642,
          0.084
        ],
        [
          989,
          0.0713
        ],
        [
          1492,
          0.0686
        ]
      ],
      "top_corr": 0.09938640902416741,
      "n": 32
    },
    "missed_discovery": {
      "features": [
        [
          1446,
          0.093
        ],
        [
          1184,
          0.0691
        ],
        [
          989,
          0.0633
        ],
        [
          1865,
          0.0632
        ],
        [
          718,
          0.0619
        ]
      ],
      "top_corr": 0.09296885320634628,
      "n": 40
    },
    "missed_overloaded_piece": {
      "features": [
        [
          1438,
          0.1333
        ],
        [
          1241,
          0.0958
        ],
        [
          989,
          0.0867
        ],
        [
          1796,
          0.0756
        ],
        [
          281,
          0.074
        ]
      ],
      "top_corr": 0.13326259320986303,
      "n": 56
    },
    "missed_pawn_break": {
      "features": [
        [
          1385,
          0.0837
        ],
        [
          879,
          0.0835
        ],
        [
          1241,
          0.068
        ],
        [
          667,
          0.0629
        ],
        [
          1381,
          0.0604
        ]
      ],
      "top_corr": 0.08373393860755962,
      "n": 100
    },
    "missed_pin": {
      "features": [
        [
          211,
          0.0787
        ],
        [
          1570,
          0.0686
        ],
        [
          208,
          0.0683
        ],
        [
          1345,
          0.0603
        ],
        [
          845,
          0.0596
        ]
      ],
      "top_corr": 0.07867424174427214,
      "n": 57
    },
    "missed_simplification": {
      "features": [
        [
          1184,
          0.0866
        ],
        [
          885,
          0.0844
        ],
        [
          1998,
          0.0835
        ],
        [
          1062,
          0.0816
        ],
        [
          1098,
          0.0753
        ]
      ],
      "top_corr": 0.08659479653530634,
      "n": 26
    },
    "missed_skewer": {
      "features": [
        [
          484,
          0.0987
        ],
        [
          1721,
          0.0849
        ],
        [
          198,
          0.0848
        ],
        [
          627,
          0.0804
        ],
        [
          83,
          0.077
        ]
      ],
      "top_corr": 0.09874759552573201,
      "n": 26
    },
    "missed_zwischenzug": {
      "features": [
        [
          443,
          0.0959
        ],
        [
          1804,
          0.0769
        ],
        [
          1504,
          0.0706
        ],
        [
          1840,
          0.07
        ],
        [
          1539,
          0.0674
        ]
      ],
      "top_corr": 0.09587766518616901,
      "n": 37
    },
    "premature_push": {
      "features": [
        [
          350,
          0.0533
        ],
        [
          531,
          0.0474
        ],
        [
          1563,
          0.0375
        ],
        [
          1401,
          0.0362
        ],
        [
          1364,
          0.036
        ]
      ],
      "top_corr": 0.05331498221941187,
      "n": 819
    },
    "premature_trade": {
      "features": [
        [
          1840,
          0.0788
        ],
        [
          1557,
          0.0606
        ],
        [
          447,
          0.0599
        ],
        [
          1345,
          0.0586
        ],
        [
          1287,
          0.0524
        ]
      ],
      "top_corr": 0.07880339581916274,
      "n": 132
    },
    "quiet_when_winning": {
      "features": [
        [
          1438,
          0.144
        ],
        [
          1773,
          0.0712
        ],
        [
          1098,
          0.0656
        ],
        [
          1414,
          0.0587
        ],
        [
          302,
          0.0549
        ]
      ],
      "top_corr": 0.14399794052006523,
      "n": 48
    },
    "rushed_move": {
      "features": [
        [
          1555,
          0.1031
        ],
        [
          967,
          0.0875
        ],
        [
          1181,
          0.0711
        ],
        [
          1071,
          0.0624
        ],
        [
          1930,
          0.0613
        ]
      ],
      "top_corr": 0.10308167017071086,
      "n": 129
    },
    "undeveloped_pieces": {
      "features": [
        [
          935,
          0.3014
        ],
        [
          474,
          0.2966
        ],
        [
          1338,
          0.2421
        ],
        [
          1864,
          0.1645
        ],
        [
          1843,
          0.1588
        ]
      ],
      "top_corr": 0.30141393028399965,
      "n": 284
    }
  },
  "tag_counts": {
    "premature_push": 1796,
    "conversion_failure": 924,
    "undeveloped_pieces": 566,
    "allowed_pin": 324,
    "missed_capture": 278,
    "premature_trade": 270,
    "rushed_move": 250,
    "missed_pawn_break": 208,
    "left_piece_hanging": 172,
    "missed_pin": 128,
    "missed_check": 117,